MONTH,FL_DATE,OP_UNIQUE_CARRIER,ORIGIN,DEST,CRS_DEP_TIME,DEP_DELAY,CRS_ARR_TIME,ARR_DELAY,CANCELLED,DIVERTED,CARRIER_DELAY,WEATHER_DELAY,NAS_DELAY,SECURITY_DELAY,LATE_AIRCRAFT_DELAY,IS_DELAYED,DAY_OF_WEEK,DEP_HOUR,IS_PEAK_HOUR,IS_WEEKEND,ORIGIN_DAILY_FLIGHTS,ROUTE_AVG_DELAY,CARRIER_AVG_DELAY,DELAY_PROBABILITY,flight_idx,gate,delay_probability
1,2023-01-09,9E,ATL,ABY,1105,72.0,1207,62.0,0.0,0.0,62.0,0.0,0.0,0.0,0.0,1,0,11,0,0,878,18.74390243902439,12.107711726873836,0.45843366,0,29,0.45843366
1,2023-01-09,9E,ATL,AEX,820,128.0,913,114.0,0.0,0.0,0.0,114.0,0.0,0.0,0.0,1,0,8,1,0,878,9.464285714285714,12.107711726873836,0.33408132,1,47,0.33408132
1,2023-01-09,9E,ATL,BQK,900,-4.0,1014,-16.0,0.0,0.0,0.0,0.0,0.0,0.0,0.0,0,0,9,1,0,878,9.419354838709678,12.107711726873836,0.27632505,2,57,0.27632505
1,2023-01-09,9E,ATL,BTR,906,-5.0,950,-18.0,0.0,0.0,0.0,0.0,0.0,0.0,0.0,0,0,9,1,0,878,6.598214285714286,12.107711726873836,0.22866897,3,76,0.22866897
1,2023-01-09,9E,ATL,CAE,956,-2.0,1059,10.0,0.0,0.0,0.0,0.0,0.0,0.0,0.0,0,0,9,1,0,878,8.0,12.107711726873836,0.25607926,4,63,0.25607926
1,2023-01-09,9E,ATL,CHA,901,-8.0,956,-16.0,0.0,0.0,0.0,0.0,0.0,0.0,0.0,0,0,9,1,0,878,8.567251461988304,12.107711726873836,0.26299864,5,64,0.26299864
1,2023-01-09,9E,ATL,CHA,1120,-5.0,1214,-16.0,0.0,0.0,0.0,0.0,0.0,0.0,0.0,0,0,11,0,0,878,8.567251461988304,12.107711726873836,0.32259133,6,41,0.32259133
1,2023-01-09,9E,ATL,CHO,950,-3.0,1125,-12.0,0.0,0.0,0.0,0.0,0.0,0.0,0.0,0,0,9,1,0,878,12.604651162790695,12.107711726873836,0.3488209,7,37,0.3488209
1,2023-01-09,9E,ATL,CRW,1110,-5.0,1229,-2.0,0.0,0.0,0.0,0.0,0.0,0.0,0.0,0,0,11,0,0,878,15.302631578947368,12.107711726873836,0.3830977,8,45,0.3830977
1,2023-01-09,9E,ATL,CSG,1100,-4.0,1153,-8.0,0.0,0.0,0.0,0.0,0.0,0.0,0.0,0,0,11,0,0,878,24.743589743589745,12.107711726873836,0.4165558,9,42,0.4165558
1,2023-01-09,9E,ATL,DAY,920,4.0,1051,11.0,0.0,0.0,0.0,0.0,0.0,0.0,0.0,0,0,9,1,0,878,2.7884615384615383,12.107711726873836,0.12619352,10,67,0.12619352
1,2023-01-09,9E,ATL,DHN,910,-5.0,915,-13.0,0.0,0.0,0.0,0.0,0.0,0.0,0.0,0,0,9,1,0,878,6.819672131147541,12.107711726873836,0.2621865,11,72,0.2621865
1,2023-01-09,9E,ATL,DSM,935,-3.0,1056,-12.0,0.0,0.0,0.0,0.0,0.0,0.0,0.0,0,0,9,1,0,878,0.7391304347826086,12.107711726873836,0.12401653,12,68,0.12401653
1,2023-01-09,9E,ATL,EVV,1130,-5.0,1157,-6.0,0.0,0.0,0.0,0.0,0.0,0.0,0.0,0,0,11,0,0,878,32.38333333333333,12.107711726873836,0.46915776,13,10,0.46915776
1,2023-01-09,9E,ATL,GTR,1115,-5.0,1132,-18.0,0.0,0.0,0.0,0.0,0.0,0.0,0.0,0,0,11,0,0,878,6.781609195402299,12.107711726873836,0.31817472,14,46,0.31817472
1,2023-01-09,9E,ATL,HPN,726,-5.0,941,-1.0,0.0,0.0,0.0,0.0,0.0,0.0,0.0,0,0,7,1,0,878,9.878571428571428,12.107711726873836,0.2184013,15,43,0.2184013
1,2023-01-09,9E,ATL,HSV,1135,10.0,1133,0.0,0.0,0.0,0.0,0.0,0.0,0.0,0.0,0,0,11,0,0,878,4.289308176100629,12.107711726873836,0.17293555,16,64,0.17293555
1,2023-01-09,9E,ATL,ILM,855,-6.0,1018,-19.0,0.0,0.0,0.0,0.0,0.0,0.0,0.0,0,0,8,1,0,878,3.302083333333333,12.107711726873836,0.11398628,17,83,0.11398628
1,2023-01-09,9E,ATL,LFT,1005,-5.0,1102,-20.0,0.0,0.0,0.0,0.0,0.0,0.0,0.0,0,0,10,0,0,878,11.320987654320987,12.107711726873836,0.39125583,18,46,0.39125583
1,2023-01-09,9E,ATL,MDT,955,-4.0,1148,-7.0,0.0,0.0,0.0,0.0,0.0,0.0,0.0,0,0,9,1,0,878,3.746987951807229,12.107711726873836,0.12523787,19,82,0.12523787
1,2023-01-09,9E,ATL,MGM,855,-5.0,855,-14.0,0.0,0.0,0.0,0.0,0.0,0.0,0.0,0,0,8,1,0,878,23.00925925925926,12.107711726873836,0.3319075,20,33,0.3319075
1,2023-01-09,9E,ATL,ROA,910,67.0,1037,67.0,0.0,0.0,37.0,0.0,0.0,0.0,30.0,1,0,9,1,0,878,9.54945054945055,12.107711726873836,0.31766993,21,27,0.31766993
1,2023-01-09,9E,ATL,SGF,955,4.0,1055,-7.0,0.0,0.0,0.0,0.0,0.0,0.0,0.0,0,0,9,1,0,878,24.40909090909091,12.107711726873836,0.38662174,22,29,0.38662174
1,2023-01-09,9E,ATL,VLD,1125,-4.0,1231,-14.0,0.0,0.0,0.0,0.0,0.0,0.0,0.0,0,0,11,0,0,878,14.524390243902438,12.107711726873836,0.2693444,23,48,0.2693444
1,2023-01-09,9E,ATL,XNA,832,-1.0,931,-17.0,0.0,0.0,0.0,0.0,0.0,0.0,0.0,0,0,8,1,0,878,11.00909090909091,12.107711726873836,0.18342996,24,73,0.18342996
1,2023-01-09,AA,ATL,CLT,708,-6.0,822,12.0,0.0,0.0,0.0,0.0,0.0,0.0,0.0,0,0,7,1,0,878,13.841961852861036,14.436436409181256,0.24139655,25,6,0.24139655
1,2023-01-09,AA,ATL,CLT,855,-11.0,1015,13.0,0.0,0.0,0.0,0.0,0.0,0.0,0.0,0,0,8,1,0,878,13.841961852861036,14.436436409181256,0.2990088,26,43,0.2990088
1,2023-01-09,AA,ATL,DFW,600,0.0,730,4.0,0.0,0.0,0.0,0.0,0.0,0.0,0.0,0,0,6,0,0,878,17.57667386609071,14.436436409181256,0.22639295,27,17,0.22639295
1,2023-01-09,AA,ATL,DFW,930,-1.0,1103,-12.0,0.0,0.0,0.0,0.0,0.0,0.0,0.0,0,0,9,1,0,878,17.57667386609071,14.436436409181256,0.3949807,28,0,0.3949807
1,2023-01-09,AA,ATL,MIA,602,-5.0,800,-8.0,0.0,0.0,0.0,0.0,0.0,0.0,0.0,0,0,6,0,0,878,28.07880910683012,14.436436409181256,0.25159082,29,13,0.25159082
1,2023-01-09,AA,ATL,MIA,653,-3.0,851,-1.0,0.0,0.0,0.0,0.0,0.0,0.0,0.0,0,0,6,0,0,878,28.07880910683012,14.436436409181256,0.25159082,30,16,0.25159082
1,2023-01-09,AA,ATL,PHL,730,-8.0,930,-10.0,0.0,0.0,0.0,0.0,0.0,0.0,0.0,0,0,7,1,0,878,21.80217391304348,14.436436409181256,0.2907836,31,20,0.2907836
1,2023-01-09,AS,ATL,SEA,800,10.0,1040,11.0,0.0,0.0,0.0,0.0,0.0,0.0,0.0,0,0,8,1,0,878,17.544303797468356,6.286699963956542,0.3374828,32,10,0.3374828
1,2023-01-09,B6,ATL,BOS,1055,-7.0,1326,-8.0,0.0,0.0,0.0,0.0,0.0,0.0,0.0,0,0,10,0,0,878,16.630695443645084,16.77504569588302,0.510224,33,17,0.510224
1,2023-01-09,B6,ATL,FLL,730,-3.0,928,-14.0,0.0,0.0,0.0,0.0,0.0,0.0,0.0,0,0,7,1,0,878,18.82450832072617,16.77504569588302,0.31184638,34,12,0.31184638
1,2023-01-09,B6,ATL,JFK,715,-5.0,931,2.0,0.0,0.0,0.0,0.0,0.0,0.0,0.0,0,0,7,1,0,878,21.55263157894737,16.77504569588302,0.35442537,35,5,0.35442537
1,2023-01-09,B6,ATL,JFK,954,30.0,1205,20.0,0.0,0.0,20.0,0.0,0.0,0.0,0.0,1,0,9,1,0,878,21.55263157894737,16.77504569588302,0.48303276,36,12,0.48303276
1,2023-01-09,DL,ATL,ABQ,855,-1.0,1023,-14.0,0.0,0.0,0.0,0.0,0.0,0.0,0.0,0,0,8,1,0,878,9.65,13.207272336365714,0.32122898,37,41,0.32122898
1,2023-01-09,DL,ATL,ALB,1115,19.0,1325,28.0,0.0,0.0,19.0,0.0,9.0,0.0,0.0,1,0,11,0,0,878,17.013157894736842,13.207272336365714,0.479772,38,14,0.479772
1,2023-01-09,DL,ATL,AUS,805,0.0,939,-13.0,0.0,0.0,0.0,0.0,0.0,0.0,0.0,0,0,8,1,0,878,10.795847750865052,13.207272336365714,0.26483396,39,44,0.26483396
1,2023-01-09,DL,ATL,AUS,1000,-1.0,1134,-15.0,0.0,0.0,0.0,0.0,0.0,0.0,0.0,0,0,10,0,0,878,10.795847750865052,13.207272336365714,0.31508127,40,55,0.31508127
1,2023-01-09,DL,ATL,AVL,911,2.0,1004,5.0,0.0,0.0,0.0,0.0,0.0,0.0,0.0,0,0,9,1,0,878,10.033333333333331,13.207272336365714,0.28739238,41,44,0.28739238
1,2023-01-09,DL,ATL,BDL,815,-4.0,1030,-12.0,0.0,0.0,0.0,0.0,0.0,0.0,0.0,0,0,8,1,0,878,5.639240506329114,13.207272336365714,0.1951861,42,68,0.1951861
1,2023-01-09,DL,ATL,BDL,1040,-1.0,1255,-8.0,0.0,0.0,0.0,0.0,0.0,0.0,0.0,0,0,10,0,0,878,5.639240506329114,13.207272336365714,0.22964136,43,51,0.22964136
1,2023-01-09,DL,ATL,BHM,810,5.0,806,-3.0,0.0,0.0,0.0,0.0,0.0,0.0,0.0,0,0,8,1,0,878,7.410138248847926,13.207272336365714,0.21380039,44,67,0.21380039
1,2023-01-09,DL,ATL,BHM,1015,-2.0,1008,-2.0,0.0,0.0,0.0,0.0,0.0,0.0,0.0,0,0,10,0,0,878,7.410138248847926,13.207272336365714,0.25289026,45,70,0.25289026
1,2023-01-09,DL,ATL,BNA,855,-4.0,904,-13.0,0.0,0.0,0.0,0.0,0.0,0.0,0.0,0,0,8,1,0,878,10.641104294478527,13.207272336365714,0.26978338,46,54,0.26978338
1,2023-01-09,DL,ATL,BNA,1145,20.0,1151,10.0,0.0,0.0,0.0,0.0,0.0,0.0,0.0,1,0,11,0,0,878,10.641104294478527,13.207272336365714,0.3217118,47,44,0.3217118
1,2023-01-09,DL,ATL,BOI,950,6.0,1240,-13.0,0.0,0.0,0.0,0.0,0.0,0.0,0.0,0,0,9,1,0,878,12.32258064516129,13.207272336365714,0.33125496,48,42,0.33125496
1,2023-01-09,DL,ATL,BOS,720,-2.0,958,-17.0,0.0,0.0,0.0,0.0,0.0,0.0,0.0,0,0,7,1,0,878,16.630695443645084,13.207272336365714,0.2572363,49,37,0.2572363
1,2023-01-09,DL,ATL,BOS,845,-4.0,1117,-13.0,0.0,0.0,0.0,0.0,0.0,0.0,0.0,0,0,8,1,0,878,16.630695443645084,13.207272336365714,0.3154255,50,35,0.3154255
1,2023-01-09,DL,ATL,BOS,1015,-4.0,1253,-12.0,0.0,0.0,0.0,0.0,0.0,0.0,0.0,0,0,10,0,0,878,16.630695443645084,13.207272336365714,0.39373627,51,48,0.39373627
1,2023-01-09,DL,ATL,BOS,1120,-4.0,1358,-12.0,0.0,0.0,0.0,0.0,0.0,0.0,0.0,0,0,11,0,0,878,16.630695443645084,13.207272336365714,0.3909603,52,25,0.3909603
1,2023-01-09,DL,ATL,BUF,857,-2.0,1053,11.0,0.0,0.0,0.0,0.0,0.0,0.0,0.0,0,0,8,1,0,878,12.597826086956522,13.207272336365714,0.2820186,53,48,0.2820186
1,2023-01-09,DL,ATL,BWI,733,1.0,924,-9.0,0.0,0.0,0.0,0.0,0.0,0.0,0.0,0,0,7,1,0,878,15.163346613545816,13.207272336365714,0.2572363,54,24,0.2572363
1,2023-01-09,DL,ATL,BWI,912,1.0,1059,-5.0,0.0,0.0,0.0,0.0,0.0,0.0,0.0,0,0,9,1,0,878,15.163346613545816,13.207272336365714,0.35846925,55,26,0.35846925
1,2023-01-09,DL,ATL,BZN,940,-4.0,1202,-18.0,0.0,0.0,0.0,0.0,0.0,0.0,0.0,0,0,9,1,0,878,1.5,13.207272336365714,0.09555268,56,86,0.09555268
1,2023-01-09,DL,ATL,CHS,852,-1.0,1000,-6.0,0.0,0.0,0.0,0.0,0.0,0.0,0.0,0,0,8,1,0,878,7.157635467980295,13.207272336365714,0.23595755,57,71,0.23595755
1,2023-01-09,DL,ATL,CHS,1037,-4.0,1150,-8.0,0.0,0.0,0.0,0.0,0.0,0.0,0.0,0,0,10,0,0,878,7.157635467980295,13.207272336365714,0.27766764,58,6,0.27766764
1,2023-01-09,DL,ATL,CLE,715,-1.0,859,-3.0,0.0,0.0,0.0,0.0,0.0,0.0,0.0,0,0,7,1,0,878,19.05555555555556,13.207272336365714,0.26078346,59,34,0.26078346
1,2023-01-09,DL,ATL,CLE,1005,9.0,1150,13.0,0.0,0.0,0.0,0.0,0.0,0.0,0.0,0,0,10,0,0,878,19.05555555555556,13.207272336365714,0.40222117,60,43,0.40222117
1,2023-01-09,DL,ATL,CLT,715,13.0,837,-4.0,0.0,0.0,0.0,0.0,0.0,0.0,0.0,0,0,7,1,0,878,13.841961852861036,13.207272336365714,0.24516441,61,38,0.24516441
1,2023-01-09,DL,ATL,CLT,955,-4.0,1110,-14.0,0.0,0.0,0.0,0.0,0.0,0.0,0.0,0,0,9,1,0,878,13.841961852861036,13.207272336365714,0.3576833,62,47,0.3576833
1,2023-01-09,DL,ATL,CMH,815,-2.0,946,-5.0,0.0,0.0,0.0,0.0,0.0,0.0,0.0,0,0,8,1,0,878,10.32843137254902,13.207272336365714,0.27653435,63,52,0.27653435
1,2023-01-09,DL,ATL,CVG,832,0.0,955,-11.0,0.0,0.0,0.0,0.0,0.0,0.0,0.0,0,0,8,1,0,878,6.958083832335329,13.207272336365714,0.23902759,64,59,0.23902759
1,2023-01-09,DL,ATL,DAB,855,0.0,1017,-8.0,0.0,0.0,0.0,0.0,0.0,0.0,0.0,0,0,8,1,0,878,6.442622950819672,13.207272336365714,0.23902759,65,70,0.23902759
1,2023-01-09,DL,ATL,DAL,940,-3.0,1102,-17.0,0.0,0.0,0.0,0.0,0.0,0.0,0.0,0,0,9,1,0,878,11.48,13.207272336365714,0.34892333,66,39,0.34892333
1,2023-01-09,DL,ATL,DCA,715,-2.0,900,-10.0,0.0,0.0,0.0,0.0,0.0,0.0,0.0,0,0,7,1,0,878,11.72982456140351,13.207272336365714,0.24234693,67,40,0.24234693
1,2023-01-09,DL,ATL,DCA,940,9.0,1119,3.0,0.0,0.0,0.0,0.0,0.0,0.0,0.0,0,0,9,1,0,878,11.72982456140351,13.207272336365714,0.34892333,68,36,0.34892333
1,2023-01-09,DL,ATL,DCA,1110,-1.0,1249,11.0,0.0,0.0,0.0,0.0,0.0,0.0,0.0,0,0,11,0,0,878,11.72982456140351,13.207272336365714,0.4035547,69,40,0.4035547
1,2023-01-09,DL,ATL,DEN,810,-4.0,934,-12.0,0.0,0.0,0.0,0.0,0.0,0.0,0.0,0,0,8,1,0,878,17.083516483516483,13.207272336365714,0.35501552,70,30,0.35501552
1,2023-01-09,DL,ATL,DEN,950,-5.0,1115,-20.0,0.0,0.0,0.0,0.0,0.0,0.0,0.0,0,0,9,1,0,878,17.083516483516483,13.207272336365714,0.39765942,71,28,0.39765942
1,2023-01-09,DL,ATL,DEN,1131,2.0,1250,-1.0,0.0,0.0,0.0,0.0,0.0,0.0,0.0,0,0,11,0,0,878,17.083516483516483,13.207272336365714,0.43706354,72,23,0.43706354
1,2023-01-09,DL,ATL,DFW,715,-3.0,846,-22.0,0.0,0.0,0.0,0.0,0.0,0.0,0.0,0,0,7,1,0,878,17.57667386609071,13.207272336365714,0.29069915,73,17,0.29069915
1,2023-01-09,DL,ATL,DFW,920,-1.0,1049,-21.0,0.0,0.0,0.0,0.0,0.0,0.0,0.0,0,0,9,1,0,878,17.57667386609071,13.207272336365714,0.3954057,74,11,0.3954057
1,2023-01-09,DL,ATL,DTW,600,9.0,755,11.0,0.0,0.0,0.0,0.0,0.0,0.0,0.0,0,0,6,0,0,878,17.63679245283019,13.207272336365714,0.2753283,75,8,0.2753283
1,2023-01-09,DL,ATL,DTW,700,44.0,858,36.0,0.0,0.0,36.0,0.0,0.0,0.0,0.0,1,0,7,1,0,878,17.63679245283019,13.207272336365714,0.28789982,76,28,0.28789982
1,2023-01-09,DL,ATL,DTW,905,-2.0,1102,-2.0,0.0,0.0,0.0,0.0,0.0,0.0,0.0,0,0,9,1,0,878,17.63679245283019,13.207272336365714,0.3954057,77,20,0.3954057
1,2023-01-09,DL,ATL,DTW,1100,11.0,1300,12.0,0.0,0.0,0.0,0.0,0.0,0.0,0.0,0,0,11,0,0,878,17.63679245283019,13.207272336365714,0.4340515,78,37,0.4340515
1,2023-01-09,DL,ATL,ECP,842,-10.0,853,-13.0,0.0,0.0,0.0,0.0,0.0,0.0,0.0,0,0,8,1,0,878,13.795774647887324,13.207272336365714,0.33434924,79,32,0.33434924
1,2023-01-09,DL,ATL,EGE,1115,-3.0,1252,-18.0,0.0,0.0,0.0,0.0,0.0,0.0,0.0,0,0,11,0,0,878,7.277777777777778,13.207272336365714,0.3194007,80,43,0.3194007
1,2023-01-09,DL,ATL,ELP,1110,-2.0,1238,-25.0,0.0,0.0,0.0,0.0,0.0,0.0,0.0,0,0,11,0,0,878,19.49122807017544,13.207272336365714,0.45011055,81,32,0.45011055
1,2023-01-09,DL,ATL,EWR,725,-1.0,931,-2.0,0.0,0.0,0.0,0.0,0.0,0.0,0.0,0,0,7,1,0,878,14.283095723014256,13.207272336365714,0.26892638,82,29,0.26892638
1,2023-01-09,DL,ATL,EWR,904,0.0,1105,15.0,0.0,0.0,0.0,0.0,15.0,0.0,0.0,0,0,9,1,0,878,14.283095723014256,13.207272336365714,0.37375826,83,23,0.37375826
1,2023-01-09,DL,ATL,EWR,1050,-3.0,1258,-10.0,0.0,0.0,0.0,0.0,0.0,0.0,0.0,0,0,10,0,0,878,14.283095723014256,13.207272336365714,0.3996719,84,53,0.3996719
1,2023-01-09,DL,ATL,EYW,831,-5.0,1027,-22.0,0.0,0.0,0.0,0.0,0.0,0.0,0.0,0,0,8,1,0,878,10.88495575221239,13.207272336365714,0.30935368,85,17,0.30935368
1,2023-01-09,DL,ATL,EYW,1037,-3.0,1233,-19.0,0.0,0.0,0.0,0.0,0.0,0.0,0.0,0,0,10,0,0,878,10.88495575221239,13.207272336365714,0.34903145,86,0,0.34903145
1,2023-01-09,DL,ATL,FLL,630,-3.0,819,-8.0,0.0,0.0,0.0,0.0,0.0,0.0,0.0,0,0,6,0,0,878,18.82450832072617,13.207272336365714,0.26179415,87,14,0.26179415
1,2023-01-09,DL,ATL,FLL,740,-4.0,931,-12.0,0.0,0.0,0.0,0.0,0.0,0.0,0.0,0,0,7,1,0,878,18.82450832072617,13.207272336365714,0.27398124,88,14,0.27398124
1,2023-01-09,DL,ATL,FLL,840,-3.0,1034,-11.0,0.0,0.0,0.0,0.0,0.0,0.0,0.0,0,0,8,1,0,878,18.82450832072617,13.207272336365714,0.3372903,89,29,0.3372903
1,2023-01-09,DL,ATL,FLL,1010,-1.0,1208,4.0,0.0,0.0,0.0,0.0,0.0,0.0,0.0,0,0,10,0,0,878,18.82450832072617,13.207272336365714,0.40615112,90,38,0.40615112
1,2023-01-09,DL,ATL,GEG,910,-3.0,1116,-13.0,0.0,0.0,0.0,0.0,0.0,0.0,0.0,0,0,9,1,0,878,9.866666666666667,13.207272336365714,0.31771603,91,21,0.31771603
1,2023-01-09,DL,ATL,GNV,735,-2.0,848,-8.0,0.0,0.0,0.0,0.0,0.0,0.0,0.0,0,0,7,1,0,878,16.735714285714284,13.207272336365714,0.29089338,92,18,0.29089338
1,2023-01-09,DL,ATL,GNV,1157,14.0,1306,6.0,0.0,0.0,0.0,0.0,0.0,0.0,0.0,0,0,11,0,0,878,16.735714285714284,13.207272336365714,0.42727056,93,1,0.42727056
1,2023-01-09,DL,ATL,GPT,855,14.0,916,3.0,0.0,0.0,0.0,0.0,0.0,0.0,0.0,0,0,8,1,0,878,16.81111111111111,13.207272336365714,0.3561931,94,22,0.3561931
1,2023-01-09,DL,ATL,GRR,1140,-2.0,1336,-5.0,0.0,0.0,0.0,0.0,0.0,0.0,0.0,0,0,11,0,0,878,12.87962962962963,13.207272336365714,0.41619956,95,16,0.41619956
1,2023-01-09,DL,ATL,GSO,803,-5.0,915,-5.0,0.0,0.0,0.0,0.0,0.0,0.0,0.0,0,0,8,1,0,878,7.3076923076923075,13.207272336365714,0.28147593,96,26,0.28147593
1,2023-01-09,DL,ATL,GSO,1000,-5.0,1117,3.0,0.0,0.0,0.0,0.0,0.0,0.0,0.0,0,0,10,0,0,878,7.3076923076923075,13.207272336365714,0.31369066,97,60,0.31369066
1,2023-01-09,DL,ATL,GSP,825,-2.0,914,3.0,0.0,0.0,0.0,0.0,0.0,0.0,0.0,0,0,8,1,0,878,8.495901639344263,13.207272336365714,0.29238856,98,8,0.29238856
1,2023-01-09,DL,ATL,GSP,1000,29.0,1057,22.0,0.0,0.0,22.0,0.0,0.0,0.0,0.0,1,0,10,0,0,878,8.495901639344263,13.207272336365714,0.3351865,99,45,0.3351865
1,2023-01-09,DL,ATL,HDN,1015,-12.0,1202,-10.0,0.0,0.0,0.0,0.0,0.0,0.0,0.0,0,0,10,0,0,878,4.642857142857143,13.207272336365714,0.28768614,100,69,0.28768614
1,2023-01-09,DL,ATL,HNL,940,19.0,1424,38.0,0.0,0.0,19.0,0.0,19.0,0.0,0.0,1,0,9,1,0,878,47.96774193548387,13.207272336365714,0.6637417,101,1,0.6637417
1,2023-01-09,DL,ATL,HOU,849,-4.0,1012,-21.0,0.0,0.0,0.0,0.0,0.0,0.0,0.0,0,0,8,1,0,878,13.891509433962264,13.207272336365714,0.3392404,102,18,0.3392404
1,2023-01-09,DL,ATL,HPN,1157,-2.0,1411,-4.0,0.0,0.0,0.0,0.0,0.0,0.0,0.0,0,0,11,0,0,878,9.878571428571428,13.207272336365714,0.36855167,103,8,0.36855167
1,2023-01-09,DL,ATL,HSV,830,-5.0,829,-17.0,0.0,0.0,0.0,0.0,0.0,0.0,0.0,0,0,8,1,0,878,4.289308176100629,13.207272336365714,0.120855235,104,75,0.120855235
1,2023-01-09,DL,ATL,IAD,715,19.0,900,9.0,0.0,0.0,0.0,0.0,0.0,0.0,0.0,1,0,7,1,0,878,11.416666666666666,13.207272336365714,0.23523995,105,41,0.23523995
1,2023-01-09,DL,ATL,IAD,1000,-2.0,1147,-8.0,0.0,0.0,0.0,0.0,0.0,0.0,0.0,0,0,10,0,0,878,11.416666666666666,13.207272336365714,0.37586096,106,40,0.37586096
1,2023-01-09,DL,ATL,IAH,720,39.0,843,13.0,0.0,0.0,0.0,0.0,0.0,0.0,0.0,1,0,7,1,0,878,19.026315789473685,13.207272336365714,0.29343712,107,23,0.29343712
1,2023-01-09,DL,ATL,IAH,1020,-2.0,1146,-20.0,0.0,0.0,0.0,0.0,0.0,0.0,0.0,0,0,10,0,0,878,19.026315789473685,13.207272336365714,0.43190262,108,10,0.43190262
1,2023-01-09,DL,ATL,ICT,955,0.0,1119,-17.0,0.0,0.0,0.0,0.0,0.0,0.0,0.0,0,0,9,1,0,878,6.67816091954023,13.207272336365714,0.27297553,109,62,0.27297553
1,2023-01-09,DL,ATL,IND,715,0.0,842,1.0,0.0,0.0,0.0,0.0,0.0,0.0,0.0,0,0,7,1,0,878,18.31020408163265,13.207272336365714,0.29422894,110,13,0.29422894
1,2023-01-09,DL,ATL,IND,1001,-4.0,1133,-5.0,0.0,0.0,0.0,0.0,0.0,0.0,0.0,0,0,10,0,0,878,18.31020408163265,13.207272336365714,0.43283918,111,22,0.43283918
1,2023-01-09,DL,ATL,JAC,1030,0.0,1238,-2.0,0.0,0.0,0.0,0.0,0.0,0.0,0.0,0,0,10,0,0,878,7.869565217391305,13.207272336365714,0.32500908,112,44,0.32500908
1,2023-01-09,DL,ATL,JAN,828,-3.0,850,-12.0,0.0,0.0,0.0,0.0,0.0,0.0,0.0,0,0,8,1,0,878,7.191666666666666,13.207272336365714,0.28978598,113,42,0.28978598
1,2023-01-09,DL,ATL,JAX,720,0.0,833,-1.0,0.0,0.0,0.0,0.0,0.0,0.0,0.0,0,0,7,1,0,878,15.008219178082191,13.207272336365714,0.29936564,114,9,0.29936564
1,2023-01-09,DL,ATL,JAX,910,-7.0,1018,-9.0,0.0,0.0,0.0,0.0,0.0,0.0,0.0,0,0,9,1,0,878,15.008219178082191,13.207272336365714,0.39509827,115,10,0.39509827
1,2023-01-09,DL,ATL,JAX,1100,-3.0,1213,-13.0,0.0,0.0,0.0,0.0,0.0,0.0,0.0,0,0,11,0,0,878,15.008219178082191,13.207272336365714,0.43944773,116,36,0.43944773
1,2023-01-09,DL,ATL,JFK,825,18.0,1036,14.0,0.0,0.0,0.0,0.0,0.0,0.0,0.0,1,0,8,1,0,878,21.55263157894737,13.207272336365714,0.40675753,117,3,0.40675753
1,2023-01-09,DL,ATL,JFK,1000,-2.0,1216,8.0,0.0,0.0,0.0,0.0,0.0,0.0,0.0,0,0,10,0,0,878,21.55263157894737,13.207272336365714,0.47428098,118,18,0.47428098
1,2023-01-09,DL,ATL,LAS,840,-3.0,1015,-19.0,0.0,0.0,0.0,0.0,0.0,0.0,0.0,0,0,8,1,0,878,23.14532019704433,13.207272336365714,0.4303743,119,12,0.4303743
1,2023-01-09,DL,ATL,LAS,1009,17.0,1146,-4.0,0.0,0.0,0.0,0.0,0.0,0.0,0.0,1,0,10,0,0,878,23.14532019704433,13.207272336365714,0.4841546,120,13,0.4841546
1,2023-01-09,DL,ATL,LAS,1120,-3.0,1252,-12.0,0.0,0.0,0.0,0.0,0.0,0.0,0.0,0,0,11,0,0,878,23.14532019704433,13.207272336365714,0.5092232,121,13,0.5092232
1,2023-01-09,DL,ATL,LAX,600,-1.0,804,-12.0,0.0,0.0,0.0,0.0,0.0,0.0,0.0,0,0,6,0,0,878,20.625,13.207272336365714,0.35130388,122,5,0.35130388
1,2023-01-09,DL,ATL,LAX,817,1.0,1026,0.0,0.0,0.0,0.0,0.0,0.0,0.0,0.0,0,0,8,1,0,878,20.625,13.207272336365714,0.39067307,123,6,0.39067307
1,2023-01-09,DL,ATL,LAX,953,-2.0,1200,-8.0,0.0,0.0,0.0,0.0,0.0,0.0,0.0,0,0,9,1,0,878,20.625,13.207272336365714,0.4153185,124,19,0.4153185
1,2023-01-09,DL,ATL,LAX,1110,38.0,1317,38.0,0.0,0.0,38.0,0.0,0.0,0.0,0.0,1,0,11,0,0,878,20.625,13.207272336365714,0.4774558,125,24,0.4774558
1,2023-01-09,DL,ATL,LEX,915,-6.0,1029,-4.0,0.0,0.0,0.0,0.0,0.0,0.0,0.0,0,0,9,1,0,878,6.503401360544218,13.207272336365714,0.2713691,126,51,0.2713691
1,2023-01-09,DL,ATL,LGA,600,-5.0,810,-16.0,0.0,0.0,0.0,0.0,0.0,0.0,0.0,0,0,6,0,0,878,15.747967479674797,13.207272336365714,0.35835966,127,3,0.35835966
1,2023-01-09,DL,ATL,LGA,715,-1.0,928,-16.0,0.0,0.0,0.0,0.0,0.0,0.0,0.0,0,0,7,1,0,878,15.747967479674797,13.207272336365714,0.33691037,128,8,0.33691037
1,2023-01-09,DL,ATL,LGA,815,0.0,1025,-2.0,0.0,0.0,0.0,0.0,0.0,0.0,0.0,0,0,8,1,0,878,15.747967479674797,13.207272336365714,0.40997902,129,4,0.40997902
1,2023-01-09,DL,ATL,LGA,915,-2.0,1126,-2.0,0.0,0.0,0.0,0.0,0.0,0.0,0.0,0,0,9,1,0,878,15.747967479674797,13.207272336365714,0.43108177,130,16,0.43108177
1,2023-01-09,DL,ATL,LGA,1015,-3.0,1229,9.0,0.0,0.0,0.0,0.0,0.0,0.0,0.0,0,0,10,0,0,878,15.747967479674797,13.207272336365714,0.45494366,131,2,0.45494366
1,2023-01-09,DL,ATL,LGA,1115,-1.0,1326,-5.0,0.0,0.0,0.0,0.0,0.0,0.0,0.0,0,0,11,0,0,878,15.747967479674797,13.207272336365714,0.4672005,132,22,0.4672005
1,2023-01-09,DL,ATL,LIT,855,22.0,931,12.0,0.0,0.0,0.0,0.0,0.0,0.0,0.0,1,0,8,1,0,878,9.111702127659576,13.207272336365714,0.3266731,133,34,0.3266731
1,2023-01-09,DL,ATL,LIT,1100,-3.0,1138,-20.0,0.0,0.0,0.0,0.0,0.0,0.0,0.0,0,0,11,0,0,878,9.111702127659576,13.207272336365714,0.37488034,134,56,0.37488034
1,2023-01-09,DL,ATL,MCI,817,-4.0,931,-16.0,0.0,0.0,0.0,0.0,0.0,0.0,0.0,0,0,8,1,0,878,12.545045045045043,13.207272336365714,0.35297045,135,31,0.35297045
1,2023-01-09,DL,ATL,MCI,1005,-2.0,1122,-9.0,0.0,0.0,0.0,0.0,0.0,0.0,0.0,0,0,10,0,0,878,12.545045045045043,13.207272336365714,0.40587655,136,33,0.40587655
1,2023-01-09,DL,ATL,MCO,730,0.0,902,-10.0,0.0,0.0,0.0,0.0,0.0,0.0,0.0,0,0,7,1,0,878,19.540197461212976,13.207272336365714,0.27256098,137,22,0.27256098
1,2023-01-09,DL,ATL,MCO,826,-1.0,958,-13.0,0.0,0.0,0.0,0.0,0.0,0.0,0.0,0,0,8,1,0,878,19.540197461212976,13.207272336365714,0.33685428,138,1,0.33685428
1,2023-01-09,DL,ATL,MCO,940,-1.0,1117,-20.0,0.0,0.0,0.0,0.0,0.0,0.0,0.0,0,0,9,1,0,878,19.540197461212976,13.207272336365714,0.38652036,139,31,0.38652036
1,2023-01-09,DL,ATL,MCO,1030,-3.0,1202,-11.0,0.0,0.0,0.0,0.0,0.0,0.0,0.0,0,0,10,0,0,878,19.540197461212976,13.207272336365714,0.41379312,140,11,0.41379312
1,2023-01-09,DL,ATL,MCO,1130,60.0,1300,46.0,0.0,0.0,46.0,0.0,0.0,0.0,0.0,1,0,11,0,0,878,19.540197461212976,13.207272336365714,0.44764784,141,20,0.44764784
1,2023-01-09,DL,ATL,MDW,928,-1.0,1022,-1.0,0.0,0.0,0.0,0.0,0.0,0.0,0.0,0,0,9,1,0,878,16.35496183206107,13.207272336365714,0.39367914,142,6,0.39367914
1,2023-01-09,DL,ATL,MEM,800,52.0,823,41.0,0.0,0.0,41.0,0.0,0.0,0.0,0.0,1,0,8,1,0,878,12.43359375,13.207272336365714,0.31423923,143,27,0.31423923
1,2023-01-09,DL,ATL,MEM,1044,24.0,1109,16.0,0.0,0.0,16.0,0.0,0.0,0.0,0.0,1,0,10,0,0,878,12.43359375,13.207272336365714,0.3898504,144,15,0.3898504
1,2023-01-09,DL,ATL,MIA,700,11.0,855,3.0,0.0,0.0,0.0,0.0,0.0,0.0,0.0,0,0,7,1,0,878,28.07880910683012,13.207272336365714,0.3111739,145,11,0.3111739
1,2023-01-09,DL,ATL,MIA,855,2.0,1049,-6.0,0.0,0.0,0.0,0.0,0.0,0.0,0.0,0,0,8,1,0,878,28.07880910683012,13.207272336365714,0.38831514,146,14,0.38831514
1,2023-01-09,DL,ATL,MIA,1110,-1.0,1306,1.0,0.0,0.0,0.0,0.0,0.0,0.0,0.0,0,0,11,0,0,878,28.07880910683012,13.207272336365714,0.51178867,147,5,0.51178867
1,2023-01-09,DL,ATL,MKE,1011,-6.0,1116,-7.0,0.0,0.0,0.0,0.0,0.0,0.0,0.0,0,0,10,0,0,878,13.578947368421051,13.207272336365714,0.40281194,148,34,0.40281194
1,2023-01-09,DL,ATL,MLB,850,-3.0,1018,-13.0,0.0,0.0,0.0,0.0,0.0,0.0,0.0,0,0,8,1,0,878,11.415254237288137,13.207272336365714,0.30119255,149,24,0.30119255
1,2023-01-09,DL,ATL,MSN,955,-2.0,1100,-8.0,0.0,0.0,0.0,0.0,0.0,0.0,0.0,0,0,9,1,0,878,6.793103448275862,13.207272336365714,0.26129985,150,73,0.26129985
1,2023-01-09,DL,ATL,MSP,700,3.0,840,16.0,0.0,0.0,0.0,0.0,16.0,0.0,0.0,0,0,7,1,0,878,12.5814696485623,13.207272336365714,0.25363714,151,30,0.25363714
1,2023-01-09,DL,ATL,MSP,839,-4.0,1024,-11.0,0.0,0.0,0.0,0.0,0.0,0.0,0.0,0,0,8,1,0,878,12.5814696485623,13.207272336365714,0.31423923,152,37,0.31423923
1,2023-01-09,DL,ATL,MSP,1015,-5.0,1156,-7.0,0.0,0.0,0.0,0.0,0.0,0.0,0.0,0,0,10,0,0,878,12.5814696485623,13.207272336365714,0.3898504,153,57,0.3898504
1,2023-01-09,DL,ATL,MSY,720,-1.0,759,-11.0,0.0,0.0,0.0,0.0,0.0,0.0,0.0,0,0,7,1,0,878,13.854545454545455,13.207272336365714,0.26452976,154,32,0.26452976
1,2023-01-09,DL,ATL,MSY,852,14.0,930,4.0,0.0,0.0,0.0,0.0,0.0,0.0,0.0,0,0,8,1,0,878,13.854545454545455,13.207272336365714,0.32656258,155,38,0.32656258
1,2023-01-09,DL,ATL,MSY,1100,50.0,1140,36.0,0.0,0.0,36.0,0.0,0.0,0.0,0.0,1,0,11,0,0,878,13.854545454545455,13.207272336365714,0.41775954,156,39,0.41775954
1,2023-01-09,DL,ATL,MTJ,1120,-8.0,1307,-25.0,0.0,0.0,0.0,0.0,0.0,0.0,0.0,0,0,11,0,0,878,9.62962962962963,13.207272336365714,0.35458842,157,38,0.35458842
1,2023-01-09,DL,ATL,MYR,931,-3.0,1039,-8.0,0.0,0.0,0.0,0.0,0.0,0.0,0.0,0,0,9,1,0,878,18.210084033613445,13.207272336365714,0.39088866,158,3,0.39088866
1,2023-01-09,DL,ATL,OGG,1100,29.0,1605,43.0,0.0,0.0,29.0,0.0,14.0,0.0,0.0,1,0,11,0,0,878,10.387096774193548,13.207272336365714,0.36224046,159,61,0.36224046
1,2023-01-09,DL,ATL,OKC,940,44.0,1102,27.0,0.0,0.0,27.0,0.0,0.0,0.0,0.0,1,0,9,1,0,878,4.274853801169591,13.207272336365714,0.14062087,160,65,0.14062087
1,2023-01-09,DL,ATL,OMA,924,-1.0,1059,-22.0,0.0,0.0,0.0,0.0,0.0,0.0,0.0,0,0,9,1,0,878,8.251497005988025,13.207272336365714,0.28438964,161,30,0.28438964
1,2023-01-09,DL,ATL,ONT,955,4.0,1152,-22.0,0.0,0.0,0.0,0.0,0.0,0.0,0.0,0,0,9,1,0,878,14.3,13.207272336365714,0.3746196,162,32,0.3746196
1,2023-01-09,DL,ATL,ORD,715,-2.0,818,-4.0,0.0,0.0,0.0,0.0,0.0,0.0,0.0,0,0,7,1,0,878,15.502868068833653,13.207272336365714,0.28854802,163,19,0.28854802
1,2023-01-09,DL,ATL,ORD,1015,-2.0,1117,3.0,0.0,0.0,0.0,0.0,0.0,0.0,0.0,0,0,10,0,0,878,15.502868068833653,13.207272336365714,0.41713715,164,20,0.41713715
1,2023-01-09,DL,ATL,ORF,720,-2.0,853,-8.0,0.0,0.0,0.0,0.0,0.0,0.0,0.0,0,0,7,1,0,878,7.872093023255814,13.207272336365714,0.22053398,165,42,0.22053398
1,2023-01-09,DL,ATL,ORF,955,-3.0,1135,-12.0,0.0,0.0,0.0,0.0,0.0,0.0,0.0,0,0,9,1,0,878,7.872093023255814,13.207272336365714,0.30991164,166,58,0.30991164
1,2023-01-09,DL,ATL,PBI,802,-1.0,949,-9.0,0.0,0.0,0.0,0.0,0.0,0.0,0.0,0,0,8,1,0,878,15.0,13.207272336365714,0.36520207,167,16,0.36520207
1,2023-01-09,DL,ATL,PBI,1010,-3.0,1200,7.0,0.0,0.0,0.0,0.0,0.0,0.0,0.0,0,0,10,0,0,878,15.0,13.207272336365714,0.43485838,168,25,0.43485838
1,2023-01-09,DL,ATL,PBI,1100,-4.0,1249,-11.0,0.0,0.0,0.0,0.0,0.0,0.0,0.0,0,0,11,0,0,878,15.0,13.207272336365714,0.4514403,169,31,0.4514403
1,2023-01-09,DL,ATL,PDX,944,3.0,1211,-1.0,0.0,0.0,0.0,0.0,0.0,0.0,0.0,0,0,9,1,0,878,7.897727272727272,13.207272336365714,0.30488414,170,49,0.30488414
1,2023-01-09,DL,ATL,PHL,720,0.0,918,0.0,0.0,0.0,0.0,0.0,0.0,0.0,0.0,0,0,7,1,0,878,21.80217391304348,13.207272336365714,0.30892742,171,1,0.30892742
1,2023-01-09,DL,ATL,PHL,1020,10.0,1216,14.0,0.0,0.0,0.0,0.0,0.0,0.0,0.0,0,0,10,0,0,878,21.80217391304348,13.207272336365714,0.4413145,172,7,0.4413145
1,2023-01-09,DL,ATL,PHX,810,2.0,1034,-24.0,0.0,0.0,0.0,0.0,0.0,0.0,0.0,0,0,8,1,0,878,20.990683229813666,13.207272336365714,0.33977503,173,49,0.33977503
1,2023-01-09,DL,ATL,PHX,1007,6.0,1233,-5.0,0.0,0.0,0.0,0.0,0.0,0.0,0.0,0,0,10,0,0,878,20.990683229813666,13.207272336365714,0.40468153,174,41,0.40468153
1,2023-01-09,DL,ATL,PIT,810,-2.0,949,-6.0,0.0,0.0,0.0,0.0,0.0,0.0,0.0,0,0,8,1,0,878,7.051546391752577,13.207272336365714,0.27485585,175,53,0.27485585
1,2023-01-09,DL,ATL,PNS,810,-2.0,825,-13.0,0.0,0.0,0.0,0.0,0.0,0.0,0.0,0,0,8,1,0,878,37.17857142857143,13.207272336365714,0.46564376,176,11,0.46564376
1,2023-01-09,DL,ATL,PNS,1005,-5.0,1028,-14.0,0.0,0.0,0.0,0.0,0.0,0.0,0.0,0,0,10,0,0,878,37.17857142857143,13.207272336365714,0.49185807,177,14,0.49185807
1,2023-01-09,DL,ATL,PSP,1054,-5.0,1235,-4.0,0.0,0.0,0.0,0.0,0.0,0.0,0.0,0,0,10,0,0,878,8.612903225806452,13.207272336365714,0.33266106,178,65,0.33266106
1,2023-01-09,DL,ATL,PVD,1130,8.0,1338,20.0,0.0,0.0,8.0,0.0,12.0,0.0,0.0,0,0,11,0,0,878,18.813333333333333,13.207272336365714,0.4437952,179,21,0.4437952
1,2023-01-09,DL,ATL,RDU,700,29.0,818,31.0,0.0,0.0,29.0,0.0,2.0,0.0,0.0,1,0,7,1,0,878,14.480597014925372,13.207272336365714,0.24967626,180,31,0.24967626
1,2023-01-09,DL,ATL,RDU,800,10.0,918,14.0,0.0,0.0,0.0,0.0,0.0,0.0,0.0,0,0,8,1,0,878,14.480597014925372,13.207272336365714,0.31890863,181,21,0.31890863
1,2023-01-09,DL,ATL,RDU,900,-1.0,1018,-2.0,0.0,0.0,0.0,0.0,0.0,0.0,0.0,0,0,9,1,0,878,14.480597014925372,13.207272336365714,0.36245713,182,25,0.36245713
1,2023-01-09,DL,ATL,RDU,1129,-4.0,1248,0.0,0.0,0.0,0.0,0.0,0.0,0.0,0.0,0,0,11,0,0,878,14.480597014925372,13.207272336365714,0.4133009,183,27,0.4133009
1,2023-01-09,DL,ATL,RIC,750,-4.0,917,-2.0,0.0,0.0,0.0,0.0,0.0,0.0,0.0,0,0,7,1,0,878,13.214022140221402,13.207272336365714,0.24470977,184,25,0.24470977
1,2023-01-09,DL,ATL,RIC,1027,-4.0,1200,-11.0,0.0,0.0,0.0,0.0,0.0,0.0,0.0,0,0,10,0,0,878,13.214022140221402,13.207272336365714,0.38871816,185,26,0.38871816
1,2023-01-09,DL,ATL,ROC,1105,-1.0,1309,3.0,0.0,0.0,0.0,0.0,0.0,0.0,0.0,0,0,11,0,0,878,9.710526315789474,13.207272336365714,0.36267158,186,47,0.36267158
1,2023-01-09,DL,ATL,RSW,835,-4.0,1015,-16.0,0.0,0.0,0.0,0.0,0.0,0.0,0.0,0,0,8,1,0,878,13.837037037037035,13.207272336365714,0.32547343,187,9,0.32547343
1,2023-01-09,DL,ATL,RSW,1030,-2.0,1213,-17.0,0.0,0.0,0.0,0.0,0.0,0.0,0.0,0,0,10,0,0,878,13.837037037037035,13.207272336365714,0.3958615,188,16,0.3958615
1,2023-01-09,DL,ATL,SAN,842,0.0,1032,-24.0,0.0,0.0,0.0,0.0,0.0,0.0,0.0,0,0,8,1,0,878,21.020408163265305,13.207272336365714,0.3598307,189,19,0.3598307
1,2023-01-09,DL,ATL,SAN,1131,-4.0,1320,-24.0,0.0,0.0,0.0,0.0,0.0,0.0,0.0,0,0,11,0,0,878,21.020408163265305,13.207272336365714,0.47176468,190,7,0.47176468
1,2023-01-09,DL,ATL,SAT,800,-5.0,938,-16.0,0.0,0.0,0.0,0.0,0.0,0.0,0.0,0,0,8,1,0,878,22.23706896551724,13.207272336365714,0.3938779,191,7,0.3938779
1,2023-01-09,DL,ATL,SAT,1105,-1.0,1240,-20.0,0.0,0.0,0.0,0.0,0.0,0.0,0.0,0,0,11,0,0,878,22.23706896551724,13.207272336365714,0.50571436,192,12,0.50571436
1,2023-01-09,DL,ATL,SAV,810,-4.0,911,-7.0,0.0,0.0,0.0,0.0,0.0,0.0,0.0,0,0,8,1,0,878,9.317708333333334,13.207272336365714,0.28854406,193,50,0.28854406
1,2023-01-09,DL,ATL,SAV,1015,32.0,1124,20.0,0.0,0.0,20.0,0.0,0.0,0.0,0.0,1,0,10,0,0,878,9.317708333333334,13.207272336365714,0.3317881,194,64,0.3317881
1,2023-01-09,DL,ATL,SDF,855,-2.0,1014,-11.0,0.0,0.0,0.0,0.0,0.0,0.0,0.0,0,0,8,1,0,878,8.008474576271187,13.207272336365714,0.27631584,195,46,0.27631584
1,2023-01-09,DL,ATL,SEA,810,28.0,1045,19.0,0.0,0.0,18.0,0.0,0.0,0.0,1.0,1,0,8,1,0,878,17.544303797468356,13.207272336365714,0.34948066,196,36,0.34948066
1,2023-01-09,DL,ATL,SEA,1110,-1.0,1344,-5.0,0.0,0.0,0.0,0.0,0.0,0.0,0.0,0,0,11,0,0,878,17.544303797468356,13.207272336365714,0.44198936,197,35,0.44198936
1,2023-01-09,DL,ATL,SFO,820,-2.0,1050,-18.0,0.0,0.0,0.0,0.0,0.0,0.0,0.0,0,0,8,1,0,878,20.994871794871795,13.207272336365714,0.3374545,198,39,0.3374545
1,2023-01-09,DL,ATL,SFO,1047,20.0,1315,1.0,0.0,0.0,0.0,0.0,0.0,0.0,0.0,1,0,10,0,0,878,20.994871794871795,13.207272336365714,0.42888027,199,1,0.42888027
1,2023-01-09,DL,ATL,SJC,855,-3.0,1114,-15.0,0.0,0.0,0.0,0.0,0.0,0.0,0.0,0,0,8,1,0,878,3.017543859649123,13.207272336365714,0.08916369,200,88,0.08916369
1,2023-01-09,DL,ATL,SJU,815,-1.0,1242,-17.0,0.0,0.0,0.0,0.0,0.0,0.0,0.0,0,0,8,1,0,878,22.05263157894737,13.207272336365714,0.36226344,201,15,0.36226344
1,2023-01-09,DL,ATL,SJU,1000,-5.0,1434,-5.0,0.0,0.0,0.0,0.0,0.0,0.0,0.0,0,0,10,0,0,878,22.05263157894737,13.207272336365714,0.42341822,202,24,0.42341822
1,2023-01-09,DL,ATL,SLC,805,-1.0,1025,-19.0,0.0,0.0,0.0,0.0,0.0,0.0,0.0,0,0,8,1,0,878,15.218487394957982,13.207272336365714,0.26444548,203,51,0.26444548
1,2023-01-09,DL,ATL,SLC,1103,0.0,1322,-14.0,0.0,0.0,0.0,0.0,0.0,0.0,0.0,0,0,11,0,0,878,15.218487394957982,13.207272336365714,0.34437814,204,52,0.34437814
1,2023-01-09,DL,ATL,SMF,855,-1.0,1111,-13.0,0.0,0.0,0.0,0.0,0.0,0.0,0.0,0,0,8,1,0,878,12.026315789473683,13.207272336365714,0.23944683,205,69,0.23944683
1,2023-01-09,DL,ATL,SNA,1010,0.0,1210,58.0,0.0,0.0,0.0,0.0,58.0,0.0,0.0,0,0,10,0,0,878,8.194805194805195,13.207272336365714,0.24941297,206,71,0.24941297
1,2023-01-09,DL,ATL,SRQ,841,-6.0,1014,-20.0,0.0,0.0,0.0,0.0,0.0,0.0,0.0,0,0,8,1,0,878,9.838297872340426,13.207272336365714,0.23159952,207,58,0.23159952
1,2023-01-09,DL,ATL,SRQ,1110,-3.0,1246,-8.0,0.0,0.0,0.0,0.0,0.0,0.0,0.0,0,0,11,0,0,878,9.838297872340426,13.207272336365714,0.2883181,208,60,0.2883181
1,2023-01-09,DL,ATL,STL,742,-5.0,828,-6.0,0.0,0.0,0.0,0.0,0.0,0.0,0.0,0,0,7,1,0,878,12.78125,13.207272336365714,0.18901847,209,46,0.18901847
1,2023-01-09,DL,ATL,STL,1010,-3.0,1058,-8.0,0.0,0.0,0.0,0.0,0.0,0.0,0.0,0,0,10,0,0,878,12.78125,13.207272336365714,0.3152377,210,66,0.3152377
1,2023-01-09,DL,ATL,STT,951,-5.0,1424,-13.0,0.0,0.0,0.0,0.0,0.0,0.0,0.0,0,0,9,1,0,878,3.826923076923077,13.207272336365714,0.09404912,211,87,0.09404912
1,2023-01-09,DL,ATL,STX,945,-1.0,1423,-17.0,0.0,0.0,0.0,0.0,0.0,0.0,0.0,0,0,9,1,0,878,11.0,13.207272336365714,0.25649738,212,56,0.25649738
1,2023-01-09,DL,ATL,SYR,1115,-2.0,1323,4.0,0.0,0.0,0.0,0.0,0.0,0.0,0.0,0,0,11,0,0,878,10.894736842105264,13.207272336365714,0.28397492,213,63,0.28397492
1,2023-01-09,DL,ATL,TLH,955,-5.0,1103,-15.0,0.0,0.0,0.0,0.0,0.0,0.0,0.0,0,0,9,1,0,878,11.32089552238806,13.207272336365714,0.25649738,214,75,0.25649738
1,2023-01-09,DL,ATL,TPA,715,-1.0,842,-8.0,0.0,0.0,0.0,0.0,0.0,0.0,0.0,0,0,7,1,0,878,13.427272727272728,13.207272336365714,0.17610002,215,48,0.17610002
1,2023-01-09,DL,ATL,TPA,815,1.0,941,-9.0,0.0,0.0,0.0,0.0,0.0,0.0,0.0,0,0,8,1,0,878,13.427272727272728,13.207272336365714,0.2323715,216,61,0.2323715
1,2023-01-09,DL,ATL,TPA,937,-2.0,1107,-14.0,0.0,0.0,0.0,0.0,0.0,0.0,0.0,0,0,9,1,0,878,13.427272727272728,13.207272336365714,0.26928127,217,53,0.26928127
1,2023-01-09,DL,ATL,TPA,1115,1.0,1245,-9.0,0.0,0.0,0.0,0.0,0.0,0.0,0.0,0,0,11,0,0,878,13.427272727272728,13.207272336365714,0.31561542,218,54,0.31561542
1,2023-01-09,DL,ATL,TUL,925,-2.0,1032,-13.0,0.0,0.0,0.0,0.0,0.0,0.0,0.0,0,0,9,1,0,878,5.864077669902913,13.207272336365714,0.20293307,219,61,0.20293307
1,2023-01-09,DL,ATL,TUS,944,-3.0,1153,-23.0,0.0,0.0,0.0,0.0,0.0,0.0,0.0,0,0,9,1,0,878,11.432432432432432,13.207272336365714,0.22775133,220,59,0.22775133
1,2023-01-09,DL,ATL,TYS,817,-4.0,904,-7.0,0.0,0.0,0.0,0.0,0.0,0.0,0.0,0,0,8,1,0,878,15.381443298969073,13.207272336365714,0.22434741,221,62,0.22434741
1,2023-01-09,DL,ATL,VPS,811,-4.0,823,-19.0,0.0,0.0,0.0,0.0,0.0,0.0,0.0,0,0,8,1,0,878,18.825503355704697,13.207272336365714,0.21826886,222,65,0.21826886
1,2023-01-09,DL,ATL,VPS,1105,-2.0,1121,-7.0,0.0,0.0,0.0,0.0,0.0,0.0,0.0,0,0,11,0,0,878,18.825503355704697,13.207272336365714,0.30220947,223,58,0.30220947
1,2023-01-09,F9,ATL,BWI,630,4.0,824,31.0,0.0,0.0,4.0,0.0,27.0,0.0,0.0,0,0,6,0,0,878,15.163346613545816,25.89078578110384,0.47831416,224,2,0.47831416
1,2023-01-09,F9,ATL,DEN,703,-2.0,841,-20.0,0.0,0.0,0.0,0.0,0.0,0.0,0.0,0,0,7,1,0,878,17.083516483516483,25.89078578110384,0.57805663,225,4,0.57805663
1,2023-01-09,F9,ATL,IAH,600,0.0,729,-8.0,0.0,0.0,0.0,0.0,0.0,0.0,0.0,0,0,6,0,0,878,19.026315789473685,25.89078578110384,0.65716445,226,0,0.65716445
1,2023-01-09,F9,ATL,LAS,845,9.0,1033,16.0,0.0,0.0,9.0,0.0,7.0,0.0,0.0,0,0,8,1,0,878,23.14532019704433,25.89078578110384,0.61919296,227,5,0.61919296
1,2023-01-09,F9,ATL,LGA,749,9.0,1004,-4.0,0.0,0.0,0.0,0.0,0.0,0.0,0.0,0,0,7,1,0,878,15.747967479674797,25.89078578110384,0.6237105,228,2,0.6237105
1,2023-01-09,F9,ATL,MCO,942,24.0,1124,15.0,0.0,0.0,11.0,0.0,0.0,0.0,4.0,1,0,9,1,0,878,19.540197461212976,25.89078578110384,0.65968513,229,9,0.65968513
1,2023-01-09,F9,ATL,SJU,610,12.0,1049,-11.0,0.0,0.0,0.0,0.0,0.0,0.0,0.0,0,0,6,0,0,878,22.05263157894737,25.89078578110384,0.7060798,230,1,0.7060798
1,2023-01-09,F9,ATL,TPA,1148,-11.0,1325,-24.0,0.0,0.0,0.0,0.0,0.0,0.0,0.0,0,0,11,0,0,878,13.427272727272728,25.89078578110384,0.78673816,231,0,0.78673816
1,2023-01-09,MQ,ATL,ORD,610,-8.0,720,-15.0,0.0,0.0,0.0,0.0,0.0,0.0,0.0,0,0,6,0,0,878,15.502868068833653,8.621336971350614,0.26750854,232,12,0.26750854
1,2023-01-09,MQ,ATL,ORD,1140,0.0,1250,-7.0,0.0,0.0,0.0,0.0,0.0,0.0,0.0,0,0,11,0,0,878,15.502868068833653,8.621336971350614,0.42886838,233,11,0.42886838
1,2023-01-09,NK,ATL,BOS,1057,-5.0,1325,-1.0,0.0,0.0,0.0,0.0,0.0,0.0,0.0,0,0,10,0,0,878,16.630695443645084,18.60047779651489,0.51428694,234,9,0.51428694
1,2023-01-09,NK,ATL,DFW,710,-4.0,835,1.0,0.0,0.0,0.0,0.0,0.0,0.0,0.0,0,0,7,1,0,878,17.57667386609071,18.60047779651489,0.4330437,235,0,0.4330437
1,2023-01-09,NK,ATL,DTW,635,0.0,830,-3.0,0.0,0.0,0.0,0.0,0.0,0.0,0.0,0,0,6,0,0,878,17.63679245283019,18.60047779651489,0.40394998,236,7,0.40394998
1,2023-01-09,NK,ATL,DTW,1042,-1.0,1242,-12.0,0.0,0.0,0.0,0.0,0.0,0.0,0.0,0,0,10,0,0,878,17.63679245283019,18.60047779651489,0.54374677,237,3,0.54374677
1,2023-01-09,NK,ATL,FLL,910,-4.0,1108,-15.0,0.0,0.0,0.0,0.0,0.0,0.0,0.0,0,0,9,1,0,878,18.82450832072617,18.60047779651489,0.48414958,238,7,0.48414958
1,2023-01-09,NK,ATL,FLL,1150,31.0,1346,18.0,0.0,0.0,5.0,0.0,13.0,0.0,0.0,1,0,11,0,0,878,18.82450832072617,18.60047779651489,0.5809279,239,6,0.5809279
1,2023-01-09,NK,ATL,LAS,900,0.0,1037,-5.0,0.0,0.0,0.0,0.0,0.0,0.0,0.0,0,0,9,1,0,878,23.14532019704433,18.60047779651489,0.52175945,240,2,0.52175945
1,2023-01-09,NK,ATL,LAX,650,-3.0,854,-9.0,0.0,0.0,0.0,0.0,0.0,0.0,0.0,0,0,6,0,0,878,20.625,18.60047779651489,0.4036359,241,10,0.4036359
1,2023-01-09,NK,ATL,MCO,1125,0.0,1300,-9.0,0.0,0.0,0.0,0.0,0.0,0.0,0.0,0,0,11,0,0,878,19.540197461212976,18.60047779651489,0.55905724,242,2,0.55905724
1,2023-01-09,NK,ATL,MIA,1035,13.0,1233,10.0,0.0,0.0,0.0,0.0,0.0,0.0,0.0,0,0,10,0,0,878,28.07880910683012,18.60047779651489,0.5787642,243,4,0.5787642
1,2023-01-09,NK,ATL,MSP,600,6.0,742,27.0,0.0,0.0,0.0,0.0,27.0,0.0,0.0,0,0,6,0,0,878,12.5814696485623,18.60047779651489,0.31405547,244,6,0.31405547
1,2023-01-09,NK,ATL,MSP,820,-6.0,1004,-13.0,0.0,0.0,0.0,0.0,0.0,0.0,0.0,0,0,8,1,0,878,12.5814696485623,18.60047779651489,0.37883306,245,28,0.37883306
1,2023-01-09,NK,ATL,MSY,715,-5.0,752,-18.0,0.0,0.0,0.0,0.0,0.0,0.0,0.0,0,0,7,1,0,878,13.854545454545455,18.60047779651489,0.3699857,246,3,0.3699857
1,2023-01-09,NK,ATL,ORD,705,7.0,812,11.0,0.0,0.0,0.0,0.0,0.0,0.0,0.0,0,0,7,1,0,878,15.502868068833653,18.60047779651489,0.4364979,247,15,0.4364979
1,2023-01-09,NK,ATL,ORD,955,-2.0,1102,-11.0,0.0,0.0,0.0,0.0,0.0,0.0,0.0,0,0,9,1,0,878,15.502868068833653,18.60047779651489,0.5024637,248,5,0.5024637
1,2023-01-09,NK,ATL,PHL,925,-4.0,1127,-16.0,0.0,0.0,0.0,0.0,0.0,0.0,0.0,0,0,9,1,0,878,21.80217391304348,18.60047779651489,0.5008135,249,4,0.5008135
1,2023-01-09,OH,ATL,PHL,1000,-9.0,1228,-39.0,0.0,0.0,0.0,0.0,0.0,0.0,0.0,0,0,10,0,0,878,21.80217391304348,4.887899769205407,0.23436652,250,74,0.23436652
1,2023-01-09,OO,ATL,ABE,940,-4.0,1139,20.0,0.0,0.0,20.0,0.0,0.0,0.0,0.0,0,0,9,1,0,878,13.34567901234568,13.634172557774194,0.43992403,251,8,0.43992403
1,2023-01-09,OO,ATL,AGS,817,-3.0,916,-5.0,0.0,0.0,0.0,0.0,0.0,0.0,0.0,0,0,8,1,0,878,15.41566265060241,13.634172557774194,0.45576498,252,0,0.45576498
1,2023-01-09,OO,ATL,AGS,1110,-5.0,1212,-13.0,0.0,0.0,0.0,0.0,0.0,0.0,0.0,0,0,11,0,0,878,15.41566265060241,13.634172557774194,0.4890127,253,18,0.4890127
1,2023-01-09,OO,ATL,ASE,944,0.0,1133,-16.0,0.0,0.0,0.0,0.0,0.0,0.0,0.0,0,0,9,1,0,878,15.37037037037037,13.634172557774194,0.48123223,254,17,0.48123223
1,2023-01-09,OO,ATL,ASE,1105,-5.0,1258,-13.0,0.0,0.0,0.0,0.0,0.0,0.0,0.0,0,0,11,0,0,878,15.37037037037037,13.634172557774194,0.4890127,255,19,0.4890127
1,2023-01-09,OO,ATL,FWA,1020,-2.0,1206,-5.0,0.0,0.0,0.0,0.0,0.0,0.0,0.0,0,0,10,0,0,878,12.935483870967742,13.634172557774194,0.3699909,256,27,0.3699909
1,2023-01-09,OO,ATL,MOB,925,38.0,951,33.0,0.0,0.0,33.0,0.0,0.0,0.0,0.0,1,0,9,1,0,878,13.25,13.634172557774194,0.36047316,257,15,0.36047316
1,2023-01-09,OO,ATL,OAJ,1100,-1.0,1224,-11.0,0.0,0.0,0.0,0.0,0.0,0.0,0.0,0,0,11,0,0,878,3.85483870967742,13.634172557774194,0.14864655,258,76,0.14864655
1,2023-01-09,OO,ATL,SBN,1020,-3.0,1210,-5.0,0.0,0.0,0.0,0.0,0.0,0.0,0.0,0,0,10,0,0,878,16.524590163934427,13.634172557774194,0.40827686,259,21,0.40827686
1,2023-01-09,OO,ATL,SHV,1145,-4.0,1241,-23.0,0.0,0.0,0.0,0.0,0.0,0.0,0.0,0,0,11,0,0,878,11.371794871794872,13.634172557774194,0.32598332,260,30,0.32598332
1,2023-01-09,OO,ATL,TRI,900,-2.0,1010,7.0,0.0,0.0,0.0,0.0,0.0,0.0,0.0,0,0,9,1,0,878,6.076923076923077,13.634172557774194,0.20154124,261,79,0.20154124
1,2023-01-09,UA,ATL,DEN,728,-2.0,900,-20.0,0.0,0.0,0.0,0.0,0.0,0.0,0.0,0,0,7,1,0,878,17.083516483516483,14.00133685073616,0.26381624,262,33,0.26381624
1,2023-01-09,UA,ATL,EWR,700,-5.0,906,-5.0,0.0,0.0,0.0,0.0,0.0,0.0,0.0,0,0,7,1,0,878,14.283095723014256,14.00133685073616,0.23810768,263,36,0.23810768
1,2023-01-09,UA,ATL,EWR,955,-7.0,1205,-10.0,0.0,0.0,0.0,0.0,0.0,0.0,0.0,0,0,9,1,0,878,14.283095723014256,14.00133685073616,0.36544463,264,35,0.36544463
1,2023-01-09,UA,ATL,EWR,1112,-6.0,1322,-6.0,0.0,0.0,0.0,0.0,0.0,0.0,0.0,0,0,11,0,0,878,14.283095723014256,14.00133685073616,0.41616836,265,33,0.41616836
1,2023-01-09,UA,ATL,IAH,715,-5.0,843,-15.0,0.0,0.0,0.0,0.0,0.0,0.0,0.0,0,0,7,1,0,878,19.026315789473685,14.00133685073616,0.2595108,266,35,0.2595108
1,2023-01-09,UA,ATL,IAH,1151,-5.0,1314,-11.0,0.0,0.0,0.0,0.0,0.0,0.0,0.0,0,0,11,0,0,878,19.026315789473685,14.00133685073616,0.45326814,267,3,0.45326814
1,2023-01-09,UA,ATL,ORD,630,80.0,740,64.0,0.0,0.0,64.0,0.0,0.0,0.0,0.0,1,0,6,0,0,878,15.502868068833653,14.00133685073616,0.20882086,268,21,0.20882086
1,2023-01-09,UA,ATL,ORD,1048,0.0,1155,-16.0,0.0,0.0,0.0,0.0,0.0,0.0,0.0,0,0,10,0,0,878,15.502868068833653,14.00133685073616,0.40461338,269,8,0.40461338
1,2023-01-09,WN,ATL,AUS,610,-4.0,745,-17.0,0.0,0.0,0.0,0.0,0.0,0.0,0.0,0,0,6,0,0,878,10.795847750865052,12.030890191653134,0.11522504,270,23,0.11522504
1,2023-01-09,WN,ATL,BNA,645,-7.0,655,-12.0,0.0,0.0,0.0,0.0,0.0,0.0,0.0,0,0,6,0,0,878,10.641104294478527,12.030890191653134,0.11782658,271,27,0.11782658
1,2023-01-09,WN,ATL,BWI,615,-5.0,800,-12.0,0.0,0.0,0.0,0.0,0.0,0.0,0.0,0,0,6,0,0,878,15.163346613545816,12.030890191653134,0.14911883,272,22,0.14911883
1,2023-01-09,WN,ATL,BWI,945,-7.0,1130,-16.0,0.0,0.0,0.0,0.0,0.0,0.0,0.0,0,0,9,1,0,878,15.163346613545816,12.030890191653134,0.2989011,273,50,0.2989011
1,2023-01-09,WN,ATL,BWI,1140,0.0,1325,-9.0,0.0,0.0,0.0,0.0,0.0,0.0,0.0,0,0,11,0,0,878,15.163346613545816,12.030890191653134,0.33547866,274,26,0.33547866
1,2023-01-09,WN,ATL,CMH,1110,-4.0,1245,-10.0,0.0,0.0,0.0,0.0,0.0,0.0,0.0,0,0,11,0,0,878,10.32843137254902,12.030890191653134,0.2858688,275,62,0.2858688
1,2023-01-09,WN,ATL,DAL,625,0.0,750,-6.0,0.0,0.0,0.0,0.0,0.0,0.0,0.0,0,0,6,0,0,878,11.48,12.030890191653134,0.1479914,276,24,0.1479914
1,2023-01-09,WN,ATL,DAL,1005,0.0,1140,-14.0,0.0,0.0,0.0,0.0,0.0,0.0,0.0,0,0,10,0,0,878,11.48,12.030890191653134,0.31268147,277,54,0.31268147
1,2023-01-09,WN,ATL,DAL,1155,-4.0,1320,-14.0,0.0,0.0,0.0,0.0,0.0,0.0,0.0,0,0,11,0,0,878,11.48,12.030890191653134,0.3439984,278,15,0.3439984
1,2023-01-09,WN,ATL,DCA,850,15.0,1035,5.0,0.0,0.0,0.0,0.0,0.0,0.0,0.0,0,0,8,1,0,878,11.72982456140351,12.030890191653134,0.23159823,279,60,0.23159823
1,2023-01-09,WN,ATL,DCA,1110,-3.0,1255,-7.0,0.0,0.0,0.0,0.0,0.0,0.0,0.0,0,0,11,0,0,878,11.72982456140351,12.030890191653134,0.34964368,280,55,0.34964368
1,2023-01-09,WN,ATL,DEN,615,32.0,745,13.0,0.0,0.0,0.0,0.0,0.0,0.0,0.0,1,0,6,0,0,878,17.083516483516483,12.030890191653134,0.17859574,281,20,0.17859574
1,2023-01-09,WN,ATL,DEN,1145,20.0,1310,8.0,0.0,0.0,0.0,0.0,0.0,0.0,0.0,1,0,11,0,0,878,17.083516483516483,12.030890191653134,0.404887,282,4,0.404887
1,2023-01-09,WN,ATL,FLL,810,17.0,1005,8.0,0.0,0.0,0.0,0.0,0.0,0.0,0.0,1,0,8,1,0,878,18.82450832072617,12.030890191653134,0.25035745,283,56,0.25035745
1,2023-01-09,WN,ATL,FLL,1125,13.0,1320,1.0,0.0,0.0,0.0,0.0,0.0,0.0,0.0,0,0,11,0,0,878,18.82450832072617,12.030890191653134,0.39566764,284,34,0.39566764
1,2023-01-09,WN,ATL,GSP,1055,-1.0,1155,-14.0,0.0,0.0,0.0,0.0,0.0,0.0,0.0,0,0,10,0,0,878,8.495901639344263,12.030890191653134,0.26000088,285,68,0.26000088
1,2023-01-09,WN,ATL,HOU,715,-2.0,840,-18.0,0.0,0.0,0.0,0.0,0.0,0.0,0.0,0,0,7,1,0,878,13.891509433962264,12.030890191653134,0.18873186,286,45,0.18873186
1,2023-01-09,WN,ATL,IAD,850,-5.0,1040,-23.0,0.0,0.0,0.0,0.0,0.0,0.0,0.0,0,0,8,1,0,878,11.416666666666666,12.030890191653134,0.22967605,287,63,0.22967605
1,2023-01-09,WN,ATL,IND,850,5.0,1030,-2.0,0.0,0.0,0.0,0.0,0.0,0.0,0.0,0,0,8,1,0,878,18.31020408163265,12.030890191653134,0.2803719,288,40,0.2803719
1,2023-01-09,WN,ATL,JAN,855,-1.0,920,-16.0,0.0,0.0,0.0,0.0,0.0,0.0,0.0,0,0,8,1,0,878,7.191666666666666,12.030890191653134,0.19694003,289,80,0.19694003
1,2023-01-09,WN,ATL,JAX,1100,2.0,1215,-9.0,0.0,0.0,0.0,0.0,0.0,0.0,0.0,0,0,11,0,0,878,15.008219178082191,12.030890191653134,0.4114893,290,49,0.4114893
1,2023-01-09,WN,ATL,LAS,625,11.0,805,-20.0,0.0,0.0,0.0,0.0,0.0,0.0,0.0,0,0,6,0,0,878,23.14532019704433,12.030890191653134,0.22445962,291,18,0.22445962
1,2023-01-09,WN,ATL,LGA,600,3.0,810,-10.0,0.0,0.0,0.0,0.0,0.0,0.0,0.0,0,0,6,0,0,878,15.747967479674797,12.030890191653134,0.21572757,292,19,0.21572757
1,2023-01-09,WN,ATL,LGA,1015,0.0,1230,-13.0,0.0,0.0,0.0,0.0,0.0,0.0,0.0,0,0,10,0,0,878,15.747967479674797,12.030890191653134,0.41572884,293,23,0.41572884
1,2023-01-09,WN,ATL,MCI,850,1.0,1005,-13.0,0.0,0.0,0.0,0.0,0.0,0.0,0.0,0,0,8,1,0,878,12.545045045045043,12.030890191653134,0.26878196,294,45,0.26878196
1,2023-01-09,WN,ATL,MCO,630,-1.0,805,-21.0,0.0,0.0,0.0,0.0,0.0,0.0,0.0,0,0,6,0,0,878,19.540197461212976,12.030890191653134,0.14864448,295,25,0.14864448
1,2023-01-09,WN,ATL,MCO,1100,-1.0,1230,-5.0,0.0,0.0,0.0,0.0,0.0,0.0,0.0,0,0,11,0,0,878,19.540197461212976,12.030890191653134,0.40288392,296,50,0.40288392
1,2023-01-09,WN,ATL,MDW,655,-2.0,750,-7.0,0.0,0.0,0.0,0.0,0.0,0.0,0.0,0,0,6,0,0,878,16.35496183206107,12.030890191653134,0.20402823,297,26,0.20402823
1,2023-01-09,WN,ATL,MDW,955,-5.0,1105,-22.0,0.0,0.0,0.0,0.0,0.0,0.0,0.0,0,0,9,1,0,878,16.35496183206107,12.030890191653134,0.3343448,298,52,0.3343448
1,2023-01-09,WN,ATL,MEM,850,-1.0,915,-15.0,0.0,0.0,0.0,0.0,0.0,0.0,0.0,0,0,8,1,0,878,12.43359375,12.030890191653134,0.2321023,299,55,0.2321023
1,2023-01-09,WN,ATL,MIA,1100,-3.0,1300,-15.0,0.0,0.0,0.0,0.0,0.0,0.0,0.0,0,0,11,0,0,878,28.07880910683012,12.030890191653134,0.4546388,300,28,0.4546388
1,2023-01-09,WN,ATL,MSY,855,-1.0,935,-18.0,0.0,0.0,0.0,0.0,0.0,0.0,0.0,0,0,8,1,0,878,13.854545454545455,12.030890191653134,0.24667281,301,66,0.24667281
1,2023-01-09,WN,ATL,OKC,855,4.0,1020,-6.0,0.0,0.0,0.0,0.0,0.0,0.0,0.0,0,0,8,1,0,878,4.274853801169591,12.030890191653134,0.09811415,302,85,0.09811415
1,2023-01-09,WN,ATL,OMA,900,-1.0,1030,-9.0,0.0,0.0,0.0,0.0,0.0,0.0,0.0,0,0,9,1,0,878,8.251497005988025,12.030890191653134,0.20227647,303,78,0.20227647
1,2023-01-09,WN,ATL,PBI,1055,-4.0,1245,-20.0,0.0,0.0,0.0,0.0,0.0,0.0,0.0,0,0,10,0,0,878,15.0,12.030890191653134,0.37431657,304,59,0.37431657
1,2023-01-09,WN,ATL,PHX,705,3.0,930,-23.0,0.0,0.0,0.0,0.0,0.0,0.0,0.0,0,0,7,1,0,878,20.990683229813666,12.030890191653134,0.19963558,305,39,0.19963558
1,2023-01-09,WN,ATL,PIT,1035,0.0,1215,-9.0,0.0,0.0,0.0,0.0,0.0,0.0,0.0,0,0,10,0,0,878,7.051546391752577,12.030890191653134,0.22923397,306,30,0.22923397
1,2023-01-09,WN,ATL,RDU,1055,-1.0,1220,-16.0,0.0,0.0,0.0,0.0,0.0,0.0,0.0,0,0,10,0,0,878,14.480597014925372,12.030890191653134,0.31411374,307,67,0.31411374
1,2023-01-09,WN,ATL,RIC,855,0.0,1030,-5.0,0.0,0.0,0.0,0.0,0.0,0.0,0.0,0,0,8,1,0,878,13.214022140221402,12.030890191653134,0.20309049,308,77,0.20309049
1,2023-01-09,WN,ATL,SAT,900,13.0,1040,24.0,0.0,0.0,11.0,0.0,11.0,0.0,2.0,0,0,9,1,0,878,22.23706896551724,12.030890191653134,0.3717498,309,13,0.3717498
1,2023-01-09,WN,ATL,SDF,855,-4.0,1025,-13.0,0.0,0.0,0.0,0.0,0.0,0.0,0.0,0,0,8,1,0,878,8.008474576271187,12.030890191653134,0.17388847,310,81,0.17388847
1,2023-01-09,WN,ATL,SRQ,1135,-7.0,1300,-5.0,0.0,0.0,0.0,0.0,0.0,0.0,0.0,0,0,11,0,0,878,9.838297872340426,12.030890191653134,0.21037367,311,57,0.21037367
1,2023-01-09,WN,ATL,STL,850,-1.0,940,-12.0,0.0,0.0,0.0,0.0,0.0,0.0,0.0,0,0,8,1,0,878,12.78125,12.030890191653134,0.15645812,312,74,0.15645812
1,2023-01-09,WN,ATL,TPA,710,0.0,840,-7.0,0.0,0.0,0.0,0.0,0.0,0.0,0.0,0,0,7,1,0,878,13.427272727272728,12.030890191653134,0.109140106,313,47,0.109140106
1,2023-01-09,WN,ATL,TPA,1055,-3.0,1220,-8.0,0.0,0.0,0.0,0.0,0.0,0.0,0.0,0,0,10,0,0,878,13.427272727272728,12.030890191653134,0.21938889,314,72,0.21938889
1,2023-01-09,YX,ATL,DCA,903,-8.0,1100,-26.0,0.0,0.0,0.0,0.0,0.0,0.0,0.0,0,0,9,1,0,878,11.72982456140351,3.9045282548130897,0.11209158,315,84,0.11209158
1,2023-01-09,YX,ATL,DCA,1119,-10.0,1314,-1.0,0.0,0.0,0.0,0.0,0.0,0.0,0.0,0,0,11,0,0,878,11.72982456140351,3.9045282548130897,0.11067292,316,66,0.11067292
1,2023-01-09,YX,ATL,LGA,600,-7.0,815,-16.0,0.0,0.0,0.0,0.0,0.0,0.0,0.0,0,0,6,0,0,878,15.747967479674797,3.9045282548130897,0.27231064,317,9,0.27231064
1,2023-01-09,YX,ATL,LGA,1146,-6.0,1400,-10.0,0.0,0.0,0.0,0.0,0.0,0.0,0.0,0,0,11,0,0,878,15.747967479674797,3.9045282548130897,0.19293492,318,51,0.19293492
